name,description,sold
Signed Digital Poster,Exclusive digital poster signed by the cast.,55
Backstage Pass NFT,Unique NFT for virtual backstage access.,23
Opening Night Clip,Downloadable video of opening night highlights.,71
Merchandise Bundle,Digital bundle including wallpapers and ringtones.,45
VIP Experience,Exclusive digital content for VIP members.,12
Limited Edition Artwork,High-resolution digital artwork from the show.,30
Digital Playbill,Interactive digital playbill with cast interviews.,40
Exclusive Soundtrack,Downloadable soundtrack featuring original music.,65
Behind-the-Scenes Documentary,Exclusive documentary on the making of the show.,20
Fan Club Membership,Annual membership with exclusive digital content.,100